{
  "F_min": 2203000,
  "F_min2": 1102000,
  "sigma_1": 3.5,
  "alpha1": 0,
  "betta1": 0.004027682135,
  "alpha2": 0.2617993878,
  "betta2": 0.0051128048153846,
  "k1": 947.69,
  "k2": 185.68,
  "M_max": 127630,
  "M_max2": 66030,
  "k": 1000
}
